,A,B,C,D
2014-01-01,-0.4796580033281087,0.39605471756451605,1.1657331991788757,-0.8644085660978474
2014-01-02,-0.7882944977760432,0.07318091669672472,1.0583637571004185,-0.04037159206083152
2014-01-03,0.6445271821171795,1.0273765084727,2.4883464423397816,0.6925738378540793
2014-01-04,0.927220465035282,0.5920528530056746,4.4293185055404,0.23572709862357782
2014-01-05,1.0113882350162735,-0.4167581836699328,3.4515252947692856,0.9636205678948817
2014-01-06,-0.21965862765624466,-0.8919717652641865,3.1499610279957593,3.437276054855663
2014-01-07,-1.6118195457515103,-0.16123506314164393,2.864220459736572,3.726884653279489
2014-01-08,-0.35203000589118116,-0.2651614001992305,1.3958150370142908,4.810831858258585
2014-01-09,-1.4828685499569922,0.8469832303650165,0.3425384060965071,6.602737850820406
2014-01-10,-2.4023504666387563,2.6891952216010355,1.405739280776738,4.864556813197229
2014-01-11,-1.3500740041571964,1.6793972060219338,0.5736108729148583,6.9125030760549535
2014-01-12,-1.8765898653747595,2.6813807013232043,0.7494356266241113,6.377813110454182
2014-01-13,-1.1132595605359064,1.271457629692348,1.198282025914562,7.77610789610351
2014-01-14,-0.9249088977887842,2.061887997756614,1.2525981787077982,6.976008839283868
2014-01-15,0.4159801568202356,1.9612227855863944,0.6575652079010202,8.086506020336111
2014-01-16,0.04535412263031141,2.555658594369149,0.9638328757018026,7.6388529273311585
2014-01-17,-1.5850145668540685,0.23928787323210798,1.786439417642897,7.119103037249413
2014-01-18,-2.6698946184688346,-1.6571574902030346,3.148634908559324,7.993027525710613
2014-01-19,-4.258954286563702,-1.3523737652752006,3.93315934342331,6.799772270912068
2014-01-20,-5.026394418872837,-1.8282383855374116,3.4681386118801445,9.180764228259495
2014-01-21,-4.457230494069834,-2.693697596459881,2.6768849296695802,10.0079175334954
2014-01-22,-4.180753833170121,-3.6002204400494384,1.7642374250022708,9.631411780058711
2014-01-23,-4.566149317701713,-4.161017442677418,2.487492718225703,9.795208693789483
2014-01-24,-6.929837359422418,-3.848035542722046,2.5446936600540773,12.242929480771945
2014-01-25,-6.790356437228628,-3.6232483455752065,2.3081333748466784,12.050171140686379
2014-01-26,-5.96216064088635,-3.2132971003223076,3.8004257827734884,12.029915206471966
2014-01-27,-4.97073845839017,-1.6339511965814095,4.295151767424552,11.780948656180843
2014-01-28,-4.239029384230948,-3.319569672041815,5.490585772055333,11.262994467358407
2014-01-29,-5.564660741672347,-3.2042363185830713,6.077578734704485,12.879096630793125
2014-01-30,-7.5884266049815565,-3.450593442818964,6.886381523351993,12.936726023348468
2014-01-31,-8.224454220894133,-3.8145135276165063,6.520234148724739,13.08745705251929
2014-02-01,-7.013973327430952,-3.3937599768919915,6.259071113763274,13.337871796714525
2014-02-02,-6.41449318149999,-3.7141499811659013,5.8126247123803525,13.731873490178893
2014-02-03,-7.2909069495847625,-5.2142962219761255,8.18537341284329,13.398407681166569
2014-02-04,-7.114296874069474,-5.809815614483106,8.012163493599415,13.26797407465835
2014-02-05,-6.883671298187819,-2.97472219135623,8.023545161055772,12.454709799438104
2014-02-06,-3.8083876688374456,-3.5305954529515393,7.2362552978362915,12.209221302598857
2014-02-07,-3.1541288062824973,-3.82757938417502,5.612103117854113,13.080808246404201
2014-02-08,-4.862230652216809,-3.744332911038159,6.252532545759029,14.089001168991725
2014-02-09,-6.694043939689333,-3.171057308582152,7.571944303125957,14.86225888119377
2014-02-10,-6.327602247934449,-3.171262406252183,6.934497555331517,14.572828348662359
2014-02-11,-6.055241691620389,-1.1619351177187704,8.178389320444216,14.770647711472138
2014-02-12,-7.1865980208838005,-1.2042850070955395,8.258039154197037,15.257821143190439
2014-02-13,-6.990327322187763,-3.1655585234179693,8.707466525625616,15.636234254129482
2014-02-14,-6.135400123958546,-3.3462023273382795,6.968728466653249,16.46122866691332
2014-02-15,-7.95432192777122,-3.3749594408522854,7.158514820890293,16.602331321690396
2014-02-16,-7.495151379400337,-1.1381265279117136,7.066135347876193,16.347962813128447
2014-02-17,-9.594321240683701,-0.7569053468790288,4.576829868856059,15.304648070939995
2014-02-18,-9.27725791599696,-0.5159962177273171,3.5238826336978706,13.983369094288236
2014-02-19,-10.092772869701102,-0.4084567303428032,3.209128845050428,13.872633181220435
2014-02-20,-9.343763499405787,-0.00951336981175338,5.8854195832780425,12.4909187692737
2014-02-21,-10.082321032381106,-0.23020975045178338,4.945282087223439,9.410139513551314
2014-02-22,-10.243864976013892,-0.9986733127279437,4.843549774215154,8.559154700122262
2014-02-23,-9.633131211468596,-1.8374992648829411,6.43463308207294,8.258016351957746
2014-02-24,-9.068660645451963,-3.135481298903301,6.7539102022222,8.374781994903413
2014-02-25,-8.735548225793941,-4.289107587822037,5.73268217241444,7.083722141916862
2014-02-26,-8.262009487427077,-4.311806541048521,4.623825376414775,8.214177560506405
2014-02-27,-8.972879488675202,-5.3719075918185135,4.802653198030318,7.418461656030012
2014-02-28,-8.353223436214472,-4.026118372456739,3.7571132303858867,5.458852359349553
2014-03-01,-6.695479974475679,-5.391596993422445,2.9643541145024814,8.556638019448199
2014-03-02,-6.866542935846963,-6.198231641419797,4.702089170987799,8.667120801474477
2014-03-03,-6.938259643345543,-9.383302054691647,3.0296986360020193,8.49010844789596
2014-03-04,-7.190394954632884,-11.24711422810963,3.475762761886328,9.184723943118357
2014-03-05,-7.254397080503751,-12.030032777231707,4.554651696044335,8.545542611606514
2014-03-06,-7.378712759045181,-11.206572776597353,6.116123294642294,8.493753046895913
2014-03-07,-8.203066234346467,-9.721588657281671,5.871178338306217,8.749861724219622
2014-03-08,-6.993579593330606,-10.383888431217146,6.3016887044138015,8.076126707915602
2014-03-09,-4.9327259581831875,-9.271466202015732,5.166095562082051,11.143815435298468
2014-03-10,-5.645650068198926,-10.314112245932082,7.810346925975668,12.33980142941927
2014-03-11,-5.28873062848626,-11.011677459401046,6.311674293646884,12.199336576806813
2014-03-12,-4.1274378191430126,-11.243186696062228,6.822561457604422,10.535910751557115
2014-03-13,-4.327303191909915,-9.296096123277248,7.188885403892145,10.868783393967014
2014-03-14,-5.052717988520153,-9.56969011571412,8.122072377223883,10.33349486914485
2014-03-15,-7.141215300750693,-9.382872765574492,8.596860548016565,9.646838689800541
2014-03-16,-6.459200051113688,-9.143988338480883,8.551539014484119,9.941734356280543
2014-03-17,-5.5300091842931,-10.83430257969733,7.498987572714411,11.847796954221055
2014-03-18,-3.888300633362464,-10.05300978718338,9.260573982769237,12.890889499833795
2014-03-19,-3.6204125928859567,-9.812319697891805,9.357618577629463,12.890443361556246
2014-03-20,-3.2444149108282785,-7.938321309900585,8.526527021507746,11.620754260435403
2014-03-21,-2.3763917976055127,-9.225794009766314,9.231948912719027,11.582258192024685
2014-03-22,-2.1196567034877454,-5.69129507388615,9.81009249019166,11.71579890160098
2014-03-23,-2.121616963031186,-5.900029113687119,10.170373362013706,12.244435843018783
2014-03-24,-3.0327518026582228,-5.358071196003072,11.38336139641777,12.475963418268787
2014-03-25,-4.243626302527144,-6.396279198222213,10.192710986296001,12.35730021911124
2014-03-26,-3.172507736944115,-7.530386902719181,11.419809667873372,10.365357675588495
2014-03-27,-4.059919392570832,-6.776384923926778,10.434839794659851,9.43173990151062
2014-03-28,-3.214736121380428,-5.995076159845533,10.797607686882065,10.033123374510224
2014-03-29,-3.365647232090575,-6.761297756059592,10.890542514410223,9.144163348727774
2014-03-30,-5.343853928849649,-7.659011422212419,10.843571152118818,7.893727075568337
2014-03-31,-6.638933256889709,-8.911807508109241,11.15817390900428,6.778002784281805
2014-04-01,-6.881376847909812,-9.466044473928465,11.895298746408722,6.4430523468675425
2014-04-02,-5.823015277161735,-10.142391735521374,13.676105084686835,7.062042714308008
2014-04-03,-8.388603619399438,-12.025300320152416,13.131569554009234,9.436688607804072
2014-04-04,-7.9108723379372154,-12.31634680311617,11.230970796678584,9.950142213116518
2014-04-05,-8.770156172695673,-12.308881152820158,10.869752317782112,8.514787197502711
2014-04-06,-7.357285972729889,-11.31901999904725,9.72853113533919,9.74230505682821
2014-04-07,-8.660474453935679,-8.999634242802525,9.040218441598233,8.613693746997578
2014-04-08,-10.05812163022712,-8.447813207968528,7.174146373218289,9.047391407892711
2014-04-09,-10.705582437816782,-10.05879150858846,7.848629552169437,10.748905918169744
2014-04-10,-9.424479635155496,-9.109100022842757,6.303308728678459,9.60515342968215
2014-04-11,-7.706780370803095,-9.84228147436995,5.883730946084498,9.478647690350826
2014-04-12,-7.830598685328977,-9.917984826076694,6.157800141161842,9.803897680382317
2014-04-13,-7.337655654482271,-9.007316621106037,5.911070276190631,9.660104443552232
2014-04-14,-6.18886599333912,-10.04374214327845,5.505792762699519,8.763113992199791
2014-04-15,-5.989069123665962,-8.787994096551593,5.598526261658885,9.099364695029706
2014-04-16,-5.5546293428467965,-8.858133792611396,4.405755618363328,9.78086009477821
2014-04-17,-8.289331624002497,-9.260722046076133,4.393833214925649,10.308069959546415
2014-04-18,-7.8392606208323246,-10.09713896663858,3.347203356513845,11.179217715746853
2014-04-19,-7.50026876568147,-8.410092044091911,2.8835420031873102,12.223477438080149
2014-04-20,-5.794117049473692,-8.801043281195133,4.982779878159517,11.64306138531011
2014-04-21,-4.66864904577341,-11.398017804463027,6.555116766859548,12.471133814751918
2014-04-22,-5.603002011148671,-11.956206551655828,7.219738019218417,11.804293607452564
2014-04-23,-4.383494120981536,-10.726275429835441,7.351025319985224,12.559075384655172
2014-04-24,-4.6458553551153114,-8.268619328549093,7.431240767481246,12.246772220317895
2014-04-25,-3.8210096507798514,-9.112991733597662,6.764694917801721,12.328695391449813
2014-04-26,-4.776134731595291,-8.528244819267574,7.643626950015866,13.672445607770166
2014-04-27,-3.665188211592014,-7.7547427006512715,7.6521805087495585,12.990243834710315
2014-04-28,-3.1500071715531575,-4.989554727734303,9.060990039252388,13.048901308759287
2014-04-29,-3.9808707689552483,-3.5943415819033797,8.755867512147827,13.12381741152268
2014-04-30,-5.53345606184494,-4.540005942651947,11.778313011703432,10.598306419223393
2014-05-01,-5.0089432349445975,-3.581664961195112,10.685064327109867,10.232506662076192
2014-05-02,-4.128917270154035,-2.9888597581037035,12.349775095192951,10.101038669692917
2014-05-03,-4.139540776729043,-2.8672566700118938,11.32103362020031,10.265391088290555
2014-05-04,-3.0822843066507084,-2.5038065238315226,11.928843748797028,10.620989179338885
2014-05-05,-3.3455760040781417,-3.008747316491815,12.141417996313915,11.776203830430466
2014-05-06,-2.5647663321881953,-1.658872867531983,11.562000622936612,11.41465256053746
2014-05-07,-2.334101694621792,-0.6419379188394156,10.30138043774422,11.866417064177247
2014-05-08,-2.9725430415956504,-0.040070545866263685,10.117348353978105,13.05122336504891
2014-05-09,-0.8788594810151467,0.31809254215598665,9.65684211995157,13.3628980859762
2014-05-10,-2.842539205854262,1.3849107818005295,9.970838818206518,12.808221140221915
2014-05-11,-1.7163735700094145,1.4108618878331556,9.9801121643313,11.15851592446489
2014-05-12,-2.4402752568067076,1.7508691852654765,8.514470281090215,10.938417060678583
2014-05-13,-3.4943146074162335,2.0113007927908946,6.877983377267566,10.129948295659137
2014-05-14,-2.908507448862834,3.5663556225841173,6.285047253261396,10.382512865874109
2014-05-15,-3.389045428561084,3.3493207648493395,7.6525259297167985,9.696374423554746
2014-05-16,-4.137547321568964,1.2158740463375861,7.632778076446528,8.772771503158253
2014-05-17,-3.2683140084433417,1.334480400398142,5.0957226956146044,7.940536237767558
2014-05-18,-3.323853808602182,2.4462287478825147,3.6397752291809278,9.525912780730675
2014-05-19,-3.0352122370165584,3.695426391376232,1.79036292561205,9.015184211695273
2014-05-20,-1.908760334122989,3.571398449410884,1.1942187132008164,8.315398617768436
2014-05-21,-2.6012585704580773,4.401091434959147,-0.16837838950739492,5.841415531000495
2014-05-22,-2.2424907819855346,3.1079596544363617,-0.7896053105287302,6.239130715268452
2014-05-23,-2.388879058726816,0.4044359703898892,-2.0594944188221866,7.039430497531075
2014-05-24,-2.4733979445328096,-1.5626447352203954,-1.2714301643770365,7.531106106670573
2014-05-25,-2.1526165815321114,-2.2145445360615934,-2.0002272594513806,7.584544068865329
2014-05-26,-2.7410852107626207,-1.28534633532362,-3.6946791046470286,7.7086263975445535
2014-05-27,-3.8546317985393355,0.10380230029779791,-3.9301862204606666,8.183770252604823
2014-05-28,-2.544715636005027,-0.3177624426849211,-5.229364801808541,8.264415333839525
2014-05-29,-2.95342773074152,0.06834024157365554,-7.206152005462172,8.20441129000843
2014-05-30,-3.3976891071439983,-0.5599136839074288,-6.454001914201028,8.115227473722125
2014-05-31,-3.6446430886068444,0.19897979530988075,-4.112317901654922,7.955879714452983
2014-06-01,-4.020040250834924,-1.1763203334796533,-3.571298828424312,8.55317186877089
2014-06-02,-4.449202057723019,-1.9664812259789066,-3.874567478214255,9.257196706460237
2014-06-03,-5.118872507449,-1.215260525407105,-3.4857014398926274,9.997246815158723
2014-06-04,-5.284518236718999,-2.4198241323729412,-3.9296965666884636,9.5370633410514
2014-06-05,-5.039947259545019,-3.4958440024117925,-3.7487738579668055,7.864019116502245
2014-06-06,-4.905739949901127,-4.5379953792270005,-3.066910636947721,7.776364934823265
2014-06-07,-5.969692973854126,-5.393609091001221,-4.37354209179469,7.739624188533317
2014-06-08,-6.801849199494435,-5.137387265915208,-4.272012672149753,9.042344736801697
2014-06-09,-5.355899686864767,-5.800517864872627,-4.285185143869319,9.537285942160523
2014-06-10,-6.033123179481599,-5.282285439787625,-3.889511158808262,9.971458512218883
2014-06-11,-6.396778739083171,-4.3394477541804894,-3.815388379231174,9.81538691776649
2014-06-12,-5.555731359384952,-3.727076075070313,-4.337582520187464,9.515416571817031
2014-06-13,-5.520722702770541,-4.205658233177916,-5.751984706290616,10.097664446206554
2014-06-14,-5.794653710180639,-3.211352923299314,-5.934870718821504,10.588606595429514
2014-06-15,-4.519654765668546,-1.0913955739025516,-6.117532707732577,11.08967467462035
2014-06-16,-5.4458441563518365,0.060590304111990845,-5.280027529081273,9.75998494344514
2014-06-17,-6.012766539544311,1.3520564198728637,-5.592269964513196,9.480096054527648
2014-06-18,-6.663078309245363,0.9702322790841214,-5.1714250995158215,10.4653148506814
2014-06-19,-8.691859028663583,1.561547414030022,-4.812386440784125,10.13416027622772
2014-06-20,-8.9540599515158,1.7051007069978101,-3.679548833496379,7.867667726455581
2014-06-21,-8.503022764069366,0.7338973280981522,-3.217417681356042,8.804254482010238
2014-06-22,-8.89727731068191,-1.251274394896682,-4.811127279627591,9.215127939488468
2014-06-23,-11.347856137860045,-0.38654509774043955,-4.055450707676624,10.489542924898444
2014-06-24,-11.875793360329421,-0.5496283301551074,-3.0407446178060304,12.624940300299649
2014-06-25,-11.858523788004469,-0.34052091494407866,-2.260313888769005,13.19100137023379
2014-06-26,-12.410384759915019,0.8914499501512558,-1.2624213515569465,13.23359485035388
2014-06-27,-14.718729102720106,1.561940168282329,-0.970490919829021,14.201262688491244
2014-06-28,-14.410206609173153,1.4246934715697648,-2.8488071972729943,13.539001013670633
2014-06-29,-14.510168222775015,1.3310995466966282,-0.5295621013177381,12.516860594434315
2014-06-30,-14.812179447921523,0.6756698967531635,-1.2502125819228147,11.802562206743895
2014-07-01,-15.19937301639297,2.0709621564541516,-0.8519667778316068,10.798974173484233
2014-07-02,-15.069167880126512,1.466050467102435,-1.7678164960272973,11.124785749502012
2014-07-03,-16.011801943372895,2.917670498035554,-2.829777345023138,10.596133667964066
2014-07-04,-17.364239068179963,5.154332053474841,-2.7440708730010654,11.222890346361629
2014-07-05,-16.40738661399234,4.070215366276683,-2.027528080963382,12.496757725367074
2014-07-06,-16.481321140705358,3.64067060969709,-3.4376380614671858,10.425775834934841
2014-07-07,-16.767344392929438,2.7896911509222133,-3.1775750967551852,10.51740185583861
2014-07-08,-17.049741337370207,1.396478804401539,-3.9313366521198185,9.744678782850988
2014-07-09,-18.818724515805542,1.6112089661812912,-2.5829726469594267,10.2882313342113
2014-07-10,-19.73107953787754,0.9791483431815408,-3.814217029105679,9.415029496185038
2014-07-11,-20.423823808161423,0.1324260792483548,-5.1968398885938765,9.76278758978271
2014-07-12,-20.306772574237204,-0.49676743678691393,-4.551362984543943,9.030217245409348
2014-07-13,-20.13814546564635,-0.4518691678824944,-5.90157369836726,8.170354465330151
2014-07-14,-18.653958721484795,-2.1246347160695542,-5.7309487040483935,8.045269198508851
2014-07-15,-18.83258381765947,-1.2684710667467933,-5.958723995719121,9.131349676862703
2014-07-16,-18.163421331572685,-1.5641022635990725,-6.3479003058341315,8.614485972190408
2014-07-17,-19.1637920861145,-2.2247885619684253,-6.5118801879425225,9.122499856920935
2014-07-18,-17.928514864954128,-2.5712619336834948,-6.285404317308263,11.036773471390909
2014-07-19,-18.357835187644405,-2.7942903034111306,-6.909229199173513,11.01214745394451
2014-07-20,-18.09664600817498,-3.97183879257537,-7.272588490403269,11.434704057152402
2014-07-21,-19.174792789352352,-5.505037938099006,-6.828460436618669,12.2197489554214
2014-07-22,-18.167925694636622,-5.762366239535707,-6.2879827841506115,13.795116107251813
2014-07-23,-17.93260015998859,-6.485002208930066,-5.400543509257505,14.39015995828844
2014-07-24,-17.163712719521737,-6.177990138316902,-4.509299448318444,14.203573813567747
2014-07-25,-16.993793290279864,-5.608109001075018,-5.261267211585464,14.493786541410625
2014-07-26,-16.855441914088487,-5.663462661448576,-5.259761427390972,15.639313191793597
2014-07-27,-16.431583410157966,-4.859160167586403,-5.051091333410023,13.745258124650448
2014-07-28,-15.160958580056054,-6.010133026712377,-3.8940956797531756,13.371527436724842
2014-07-29,-16.153418506871134,-5.653094635928302,-3.2169418247749144,14.582687123099127
2014-07-30,-15.347752297651272,-5.835113577633073,-3.1391898802017177,15.810652706518058
2014-07-31,-12.856892180446087,-5.691169123013054,-3.4241146932054023,15.73155291732151
2014-08-01,-12.92918178152647,-4.970351712430064,-6.412652556192348,16.505420303254944
2014-08-02,-12.686115776150825,-4.071538977088066,-5.85073061066562,16.97274747493031
2014-08-03,-14.302165269374344,-4.525430557612362,-5.525868236858855,17.282254376385296
2014-08-04,-12.402721266416068,-4.643121399551485,-4.262439860291918,19.03593829622559
2014-08-05,-12.138491939820561,-6.884389030944318,-2.5607943498011556,19.717206953582878
2014-08-06,-12.28468828199286,-5.534874690849261,-3.4128638434727927,20.38300504031797
2014-08-07,-11.389876312702444,-7.329019704608962,-3.8236320412424365,19.54693178638125
2014-08-08,-12.478367743120886,-6.888791087558225,-4.781470377243622,21.090875996515663
2014-08-09,-11.916894311035716,-6.320947633697992,-5.15443934933883,21.054983941742336
2014-08-10,-12.84261365978874,-5.193673976272497,-4.68881783512867,21.309852581164485
2014-08-11,-12.616361279101824,-5.574390798866915,-4.629613067478395,19.10294521420495
2014-08-12,-10.233088970561575,-5.4930091873466695,-1.618237124302036,20.192122858063083
2014-08-13,-10.978397589767097,-5.510849828088835,-0.942001846805957,20.187416061609294
2014-08-14,-10.81256123611788,-4.006352745446351,-2.1651332220724546,21.181999934880775
2014-08-15,-10.686820046421683,-4.138885128467549,-3.281202819656495,22.111008680082126
2014-08-16,-12.01344625011604,-4.596371281647761,-3.973910580535428,21.758738076139334
2014-08-17,-12.708838256700947,-5.373924530147538,-3.5647875137039597,21.04532431480069
2014-08-18,-11.580074466100605,-2.83079509122582,-4.735410125826927,20.861061331014355
2014-08-19,-11.502160143979527,-3.058819637723743,-4.711913946689905,18.193540846490592
2014-08-20,-11.786154812591134,-3.3286391942686056,-4.106091083908417,20.263109513132854
2014-08-21,-11.800325908646515,-1.9743834249732797,-4.295455489252295,20.75504463857686
2014-08-22,-11.333772333501823,-2.5206197815615963,-4.872134257343027,20.015702739440734
2014-08-23,-11.023126768000443,-3.0902136271603515,-4.390544066206327,21.207863067379417
2014-08-24,-10.962927919912824,-4.304385336511741,-4.72447982740264,20.811004725933866
2014-08-25,-11.204854085664854,-3.0052721386092967,-4.104559939790494,20.633128081103322
2014-08-26,-12.323576498648128,-2.538796849361024,-3.136501875957329,20.730755411060077
2014-08-27,-11.376868328308912,-2.9166097373427733,-3.6092342064995164,21.974118034995406
2014-08-28,-13.145213698901227,-1.2882865965627368,-3.584380923635621,23.26164456956498
2014-08-29,-12.839720701645259,0.5466333980653257,-1.5321028104489303,23.910412120866486
2014-08-30,-12.976598759855614,0.22958407966357264,0.7849643266326227,23.66443963352627
2014-08-31,-11.94618197106835,-0.47651889644879164,0.2738955871247538,24.245320982558894
2014-09-01,-11.752208992733287,-0.038033199745701185,-0.13766041262912687,23.35799934163549
2014-09-02,-11.615724168026416,-0.43540935727103325,-0.5694359155948694,22.008847866148376
2014-09-03,-12.320320241586629,-1.221402019929784,-1.0006893675335249,23.237331038387232
2014-09-04,-12.367356876323486,-2.0016623248282213,-2.1000943532529464,24.217571362099527
2014-09-05,-12.647791729500153,-1.2238443779229167,-1.6996074836495176,23.71965273715663
2014-09-06,-11.904335149571455,-0.22682143234837415,-0.10211246272412988,23.186426667223884
2014-09-07,-12.62243255910834,1.3739700478558328,0.45208447589816436,22.485250541883094
2014-09-08,-14.10752876762685,-0.30185634593982047,-0.02903150509501462,22.072900438652475
2014-09-09,-14.478522798886964,-3.2576817847525605,0.7299329398994999,21.358166083026465
2014-09-10,-14.350066761606886,-1.236733176101144,0.7071317727651101,20.770606152881783
2014-09-11,-12.358203589695817,-0.7406489392661294,2.009484414764869,21.76744368455883
2014-09-12,-12.253112456048441,-0.39905424633980774,2.3837713157523552,23.21057641292097
2014-09-13,-12.474146454441623,0.2850688739106206,3.2406773176909085,23.49605230391692
2014-09-14,-11.39310997448998,-0.7566480647607154,2.6097856112388844,21.24831472147784
2014-09-15,-12.261973576837695,-1.9134669580970367,1.9387220809036538,21.694931536233984
2014-09-16,-13.43865245199051,-2.8303521016627737,1.7244985259240058,21.110611581970012
2014-09-17,-14.579596884766143,-2.7832154296866256,2.6909719150959677,21.28213890752994
2014-09-18,-13.749744592266271,-2.9640460081854796,4.28031481700854,21.442206327855764
2014-09-19,-16.589439337830264,-2.298235880266884,3.566001996186391,22.48193845014188
2014-09-20,-18.33306846392234,-1.5038987429561703,3.924054969347038,22.375182497449153
2014-09-21,-18.732320029669307,-1.2445259006050915,3.074297498737096,22.33247823161714
2014-09-22,-19.358581812457363,0.03955964521829114,5.101472459692445,22.967548289811916
2014-09-23,-20.2192052465553,-1.2753697896919778,4.535513724051735,23.890718875654102
2014-09-24,-21.176396032680444,-2.9999210635177915,5.465673025598269,23.790662988546284
2014-09-25,-20.917433532227346,-3.4083633768257977,4.772345205091071,23.70817279723916
2014-09-26,-20.676498986754716,-2.144380753246838,4.763845201297078,23.071650668129852
2014-09-27,-19.606437146486243,-3.2411064257540607,3.694035890201215,22.242439939741754
2014-09-28,-18.471217370152406,-2.5770983702937027,2.437380819950728,23.238512346365006
2014-09-29,-18.674865965177805,-3.0086780405016635,3.047063008064288,21.617751916014143
2014-09-30,-20.504067969734884,-3.0296426570920647,3.2927654845878727,20.93536493934319
2014-10-01,-20.858210811796866,-3.061122987496675,1.923083722329424,20.982342250240293
2014-10-02,-20.06347097617976,-3.2755789768404084,1.2099020126373239,20.494463992962803
2014-10-03,-20.535541042258583,-3.6018685369633254,2.0251069444167853,22.477265893412103
2014-10-04,-21.0898306873275,-3.32308077928502,1.9171766027963744,22.815618060352126
2014-10-05,-20.72610080352775,-4.230036700427077,1.3544233135185766,22.74670071025951
2014-10-06,-20.240403764917478,-3.7306080693386816,1.9695074247167597,22.891594567322322
2014-10-07,-18.736851187305177,-4.9413004495488835,1.9614370786864348,24.739160587998413
2014-10-08,-18.654935616122465,-5.035779970761501,1.091090677791866,24.291907430227752
2014-10-09,-17.932249501473407,-4.397026491126465,1.2082620428153046,23.595207462227812
2014-10-10,-16.763038183637,-3.248937335708411,1.1563119502226762,24.15090247021255
2014-10-11,-15.838801163174937,-2.538182002787536,1.6207202709939,23.046929217228524
2014-10-12,-16.298452647398076,-2.415055356088399,1.8689443329997282,23.54086585844672
2014-10-13,-15.301533074223396,-0.5136805672772984,1.2498434797589326,23.073889898041184
2014-10-14,-15.25811984972125,-0.17960777677519207,-0.06759594786704715,25.022166216201832
2014-10-15,-15.109334509066391,-1.0660465798539263,0.024838790618796083,24.850829504033882
2014-10-16,-17.233141854117363,-2.0041710331269496,1.6959857362120532,24.291441127699322
2014-10-17,-17.99469735985921,-3.9560293059037677,1.2102624438876233,25.544636217828977
2014-10-18,-17.79059865708118,-3.001521856922108,1.7376625701188286,26.09938474283089
2014-10-19,-17.254201892458294,-2.8093576167957313,3.017837660121531,26.352847569204926
2014-10-20,-18.646773054851664,-4.23228767605837,2.5109419033401497,27.560308234772734
2014-10-21,-19.055454395291445,-4.230324496018317,2.713411170730301,26.71021184542515
2014-10-22,-20.160635640696682,-5.055348633082725,4.069042792205066,25.922603208036332
2014-10-23,-20.10368360116838,-5.436323526509618,4.013189620288921,27.13826764242544
2014-10-24,-19.408318715091085,-5.043592648133687,3.9533677287477627,26.686077506959094
2014-10-25,-19.824623512587692,-5.971024121870051,3.405838208491894,27.165837299783185
2014-10-26,-19.072277263468237,-6.292877058082555,3.4858484992760697,27.12049626741264
2014-10-27,-20.34158152940094,-6.637127585921285,3.4757403403932945,26.28563337899812
2014-10-28,-20.877520176847106,-6.262781595279555,2.670897483396134,25.14248003233479
2014-10-29,-22.118419548567005,-6.579980381191962,2.8819998995139584,25.022489392945374
2014-10-30,-19.303007825027965,-5.615175501531275,1.8476038568247015,25.46879266921061
2014-10-31,-18.690055526475547,-6.639335003027739,1.5963411461040555,23.544279136576304
2014-11-01,-17.791517338776234,-6.451228996343472,1.346315392548247,25.513485958728044
2014-11-02,-16.00408544723253,-3.8411387253660507,1.0722036007376583,26.27496469542272
2014-11-03,-15.995864028255067,-4.866270927165907,-0.35246316189803784,28.41593985515349
2014-11-04,-16.880581767887644,-2.6253553770498637,0.34520320926311554,28.298594294293995
2014-11-05,-16.187573328219827,-0.5658793592277624,0.8798755211927037,30.06754453942662
2014-11-06,-15.897807186768924,-0.41818013037436536,1.6719595942984318,30.133747646038668
2014-11-07,-16.114284591199354,-0.6801350345073115,1.6471427558467047,30.18934214467343
2014-11-08,-16.714313436147627,-0.9683385636176614,1.8959324056412457,30.562190369575784
2014-11-09,-16.521947243983035,-0.2538731447377389,2.7681909679679957,30.253167344003298
2014-11-10,-16.058492011235742,-1.8863973646767869,2.8521838024845003,31.86653646320376
2014-11-11,-14.853879328790914,-3.7394271874540643,2.4520945457809797,32.46466814899257
2014-11-12,-15.458805681745563,-2.6649082443538723,0.9386364073331481,33.011623342116835
2014-11-13,-15.810565755545545,-2.8082437528854007,-1.5743355013115747,32.53457260032785
2014-11-14,-17.188673954575876,-0.8074743853909672,-3.095415239875325,31.577847894039472
2014-11-15,-17.052348452855348,-1.2459848441653745,-1.0546451068976244,31.90977636666206
2014-11-16,-17.865232127584406,-0.45333221832029014,-1.9437415418203825,32.863843300601566
2014-11-17,-17.778761126340537,-1.4141447250594246,-3.9091421544362523,33.263083648972604
2014-11-18,-16.908260119670132,-2.7946369417724832,-3.5679232089170667,31.708902505962264
2014-11-19,-16.63205662301555,-4.466302176986731,-5.011572551855856,31.1495094100234
2014-11-20,-17.619550265618894,-5.105359832007931,-5.395804873387885,31.498201654834617
2014-11-21,-17.468693569099667,-5.210087122696001,-5.060986507081376,29.60971984731392
2014-11-22,-15.62812849797287,-4.296795908213776,-5.3091479740105285,30.315105089225334
2014-11-23,-14.953566004162726,-5.610712334431783,-5.316903850551539,29.884419612721214
2014-11-24,-17.076616668743238,-4.954776331841294,-4.675351134499152,30.398553725391444
2014-11-25,-16.646908058981328,-5.033092544786252,-4.874084658264857,28.057267490760417
2014-11-26,-16.532761434451693,-5.476790902471684,-4.285942906539701,29.915166714106185
2014-11-27,-16.631497509543387,-6.579053610325603,-5.1330562754468785,28.331242718389433
2014-11-28,-15.921702804268008,-8.517451264358744,-3.9626743236288435,27.94191739376547
2014-11-29,-14.869563719223832,-7.767062291488166,-2.65239860677232,27.72923960060404
2014-11-30,-13.623487552776337,-9.079075784568676,-2.861961020549529,26.309123245230317
2014-12-01,-12.667039581242552,-9.667915133901722,-1.0795853867662963,26.759333792371343
2014-12-02,-11.041424501347167,-10.717845263067757,-0.7455494188421228,27.34549847610472
2014-12-03,-11.735542576334332,-10.710707715935026,-0.912779170695213,28.508729075414134
2014-12-04,-12.559907256305868,-9.46120556861582,-0.9097281071750989,29.318091723460718
2014-12-05,-11.61903977883808,-11.18577520205272,-0.9811726421285115,29.070315166164708
2014-12-06,-12.032904884921047,-9.909207434696093,0.2519008019946326,28.80432636089667
2014-12-07,-12.010513746202017,-9.671451567513051,-1.3281007935823106,27.35533364958268
2014-12-08,-12.052890959757745,-10.206136140542798,-1.2774061648776516,26.621717553853216
2014-12-09,-11.16569676408669,-9.911160506186867,-1.3388603199882914,26.555121443213896
2014-12-10,-10.670950682447696,-10.094644321797979,-3.298721659449627,26.64331408930109
2014-12-11,-10.878245908971767,-8.668106662350084,-1.0164974449606157,26.832740925949675
2014-12-12,-12.04215501305809,-10.214449172193742,-0.01073704136439324,26.293432953992774
2014-12-13,-11.501721528556851,-9.917545580374243,-0.9433810258950118,24.919720146738566
2014-12-14,-10.250297429320831,-9.5720909194994,0.5311118908559057,24.0201461045552
2014-12-15,-9.229426695220381,-11.109145810821522,0.6502385419857504,25.32267384211798
2014-12-16,-9.392463361615363,-10.019939784219407,0.5112098975598092,24.645907296952277
2014-12-17,-10.44216813760439,-10.237493579148774,2.2081419458593596,26.377516783493817
2014-12-18,-11.566548318013322,-11.920190368757458,2.4858705679938184,25.16219334158381
2014-12-19,-11.535296044737946,-12.555478423680796,3.1795155661293926,24.59991182609206
2014-12-20,-10.527433960265569,-11.911240211078383,2.0574471522309867,22.974172830824905
2014-12-21,-10.8430751785169,-13.541000841675302,1.3738746465020368,23.455090079745634
2014-12-22,-12.631441688442637,-13.319772185910812,1.219300718400611,23.814194054473095
2014-12-23,-11.838418221216191,-14.161942845756897,1.0698872139657185,23.789569675032787
2014-12-24,-12.41407770357822,-15.462021911648254,1.2383737522769676,22.829271082108306
2014-12-25,-11.631219788851473,-14.557032918528813,-1.0996811422679333,22.014501166235334
2014-12-26,-11.078781873538894,-15.570200398309867,-1.6393377543950218,22.232499358730482
2014-12-27,-11.77109462719072,-15.427468659709064,-1.6824430661461074,22.208785364425093
2014-12-28,-12.216148075189148,-17.06639635078181,-2.3363096643255146,20.245096002095774
2014-12-29,-13.046094694705904,-14.894752272350692,-2.689747963872119,21.377917999779537
2014-12-30,-14.87431782890697,-14.215283817154024,-3.226634350272105,21.15221052714092
2014-12-31,-14.177503601117927,-13.278235546832338,-2.6908324158817853,21.727284245682497
2015-01-01,-14.633172805665748,-13.209621048959832,-3.6738061491795686,22.151254660091514
2015-01-02,-13.560915419064312,-14.337917936929394,-2.908476738511504,22.681453584565684
2015-01-03,-13.684192046138927,-13.87489461631856,-2.426156964228043,22.83113074595812
2015-01-04,-13.839325002607813,-13.623347761925285,-2.790801582092911,23.888138089038293
2015-01-05,-12.939702956417472,-13.71907548855601,-3.933446533240758,25.03003258119341
2015-01-06,-12.784250183769542,-13.093551399733197,-3.7769307103386076,23.75416422086045
2015-01-07,-13.074605936009439,-12.016195183132037,-3.7533584206168635,23.1471790295645
2015-01-08,-13.180674470651486,-12.84324371197856,-2.8158381722768553,22.64174260341147
2015-01-09,-11.74619104441116,-12.60361227053768,-4.651378437859448,21.31284092301579
2015-01-10,-11.906242082764717,-12.276308232478119,-5.034554463339349,19.885683465593324
2015-01-11,-14.171836170033666,-11.038669352431924,-6.375792587599837,19.577113797310794
2015-01-12,-14.185800524323124,-11.593853707333276,-4.898496214769664,20.291859504685775
2015-01-13,-15.458826747981465,-12.949583409274393,-3.939499168528422,19.42597272797767
2015-01-14,-15.520073537706478,-13.335845683681814,-3.634151895169454,20.832991952461857
2015-01-15,-15.897311459840518,-13.473959419468512,-4.465118322941563,21.288697212700367
2015-01-16,-17.427655995564933,-14.071108670774693,-5.232847629888802,22.161513055817846
2015-01-17,-16.486211542959033,-13.599992097232994,-7.11198102170035,20.855527416384675
2015-01-18,-15.026007028091449,-13.577908763842085,-7.294074709158701,22.462950076187358
2015-01-19,-13.968378855271817,-13.723799320720685,-8.023992706478097,21.5045586788466
2015-01-20,-14.514715251104256,-12.989206933716051,-7.6896287777320165,23.260697371787067
2015-01-21,-15.058308430768639,-15.01760214804628,-7.516911942072026,22.1558021430199
2015-01-22,-13.292676817294279,-15.03353526370301,-6.3532073756928344,21.96169675872843
2015-01-23,-12.97692523353384,-16.663815052582766,-8.528482899366159,22.052793780267635
2015-01-24,-12.482641029276646,-17.786417139400463,-8.834501210779523,19.852242207203517
2015-01-25,-12.12585104693557,-19.018670405918616,-8.333869962235832,19.71770380634023
2015-01-26,-11.917485743333659,-19.75462814928256,-8.236688026208883,17.75275930487066
2015-01-27,-12.936658154406633,-20.741263694608215,-9.635383155886144,17.3907916177185
2015-01-28,-13.631581469525294,-20.01902339604138,-8.841962859088918,17.703447057290788
2015-01-29,-14.060085526152998,-20.61021218477845,-10.24156394113401,19.14228539194835
2015-01-30,-12.882341081748676,-21.268444342398503,-9.59864211477587,20.4034757728128
2015-01-31,-13.018696648561246,-21.48119001734641,-9.473227583214458,19.322780660388354
2015-02-01,-13.422361491635957,-22.705207986819623,-9.081794207201662,18.040309648590156
2015-02-02,-13.197165792902403,-22.71489793203607,-9.385983484485946,17.862604569284823
2015-02-03,-13.21254245192726,-21.216000179087224,-7.05533477527181,18.797317834633056
2015-02-04,-13.657427480068673,-21.059038461338854,-6.013396863538867,17.902852087910034
2015-02-05,-13.254046833977835,-21.16375444863211,-6.2877627034763846,18.154894981935254
2015-02-06,-13.083353041175306,-20.81806512844773,-7.1395842731382055,18.430061640770237
2015-02-07,-12.765039373282066,-21.40411670088084,-8.227890748391381,18.341440613890047
2015-02-08,-13.917394510486233,-21.308993572553735,-7.197557750105737,17.95991928133041
2015-02-09,-13.341932481055496,-21.141699757176266,-7.5733497017702875,16.150657155487487
2015-02-10,-12.509747594195805,-21.606511578670066,-8.239275265097492,17.57323605276465
2015-02-11,-10.694905538686298,-21.47190877468919,-6.521334924917607,18.200850121796865
2015-02-12,-11.098774607519667,-21.094119034498178,-6.036460669683097,18.344113204248245
2015-02-13,-10.977492372793115,-20.38993571077442,-6.735773639061515,17.982523505927063
2015-02-14,-9.626816498741958,-20.54601453445621,-7.870799710737981,18.1413540757623
2015-02-15,-10.141020341639614,-20.68059388005428,-7.850247066239539,17.15505796784294
2015-02-16,-9.57311092760443,-21.496985182141398,-10.091839309619964,17.92634226935806
2015-02-17,-10.036001744513756,-21.456601804701105,-8.490392586095197,18.426458791471983
2015-02-18,-8.659196819476461,-21.599276789381932,-8.87764011934422,17.380461939868024
2015-02-19,-8.449062490480829,-21.175681572336952,-8.063270495748126,17.8286635830035
2015-02-20,-7.40566380075623,-19.7789440205901,-7.6840089758428025,16.638691556161973
2015-02-21,-6.223622419174523,-20.777130210919786,-6.703941218253094,16.493787159737018
2015-02-22,-5.767589932730285,-19.277373541654875,-8.533824432262017,17.077114458315567
2015-02-23,-6.674084238619697,-18.37037075957213,-9.365405970479463,16.827148982713492
2015-02-24,-6.144105018976751,-18.951849640109003,-9.40524450675824,18.354771497206293
2015-02-25,-5.934349338600028,-17.86182685610456,-9.451670802212853,18.450822824205133
2015-02-26,-4.6325533761106925,-16.619761191357014,-8.724571367564609,18.60671510073485
2015-02-27,-6.970340884300239,-16.633819190430625,-8.557382010938406,17.62600949490811
2015-02-28,-6.805698345912194,-16.285195108824173,-10.369324093560358,17.60772971001179
2015-03-01,-7.273970955522402,-14.881939920362086,-10.408085023127478,17.926339763801927
2015-03-02,-7.6613068153600254,-14.910836090280839,-10.55924656682702,18.522759296962107
2015-03-03,-5.159810324109168,-14.106765157673575,-9.48632997676404,18.517347813261743
2015-03-04,-2.723237185429599,-13.664988379024502,-9.066308062415178,18.60809451248148
2015-03-05,-5.679764051881648,-13.832666072710765,-9.104266031941304,17.39952173826675
2015-03-06,-5.54201422552355,-14.870856420097699,-8.665787878192653,16.477013779275534
2015-03-07,-5.031385884860496,-13.876313852184131,-10.455269105082426,16.655981042436533
2015-03-08,-4.2519952241000265,-13.178338299588598,-9.093685636467471,16.660683746009852
2015-03-09,-5.53938969362968,-12.468854914971821,-10.025290841367003,17.04417740950456
2015-03-10,-5.967532245858006,-12.009733998998872,-10.145108430057793,15.485214446221521
2015-03-11,-6.105184483343721,-12.041781341954819,-9.828645398550108,17.024805467128218
2015-03-12,-5.247583550790937,-11.833864238575543,-9.650544255912008,16.853435006077355
2015-03-13,-4.515517919541158,-10.994284099322691,-10.956482260860039,16.94285093225466
2015-03-14,-5.213956038059797,-9.839694449247798,-10.87122199543388,17.229768997373743
2015-03-15,-4.192520416777144,-9.737683121694626,-10.987835223818262,17.667413629820118
2015-03-16,-5.202838187548011,-10.90247540158685,-12.01347907018941,18.92192520433373
2015-03-17,-6.095497396735116,-10.781491427899054,-11.82901319846538,17.188725988433802
2015-03-18,-8.695419819425048,-10.590611998763883,-13.042297139183178,15.821012497787974
2015-03-19,-9.281664630246544,-10.122705899671335,-13.633767865104396,15.972836944074169
2015-03-20,-10.475471621416059,-10.870121066181653,-15.236601479728545,16.936453492579997
2015-03-21,-10.249059129222127,-9.025712816720263,-15.790602223519633,16.454462743944077
2015-03-22,-11.735657198023464,-9.436431837213524,-16.992094048900945,18.463631780973007
2015-03-23,-11.891466945437248,-10.88555180245273,-14.872859552680504,18.940543798844597
2015-03-24,-10.795641998342836,-10.398773674716884,-15.303384207811778,17.944376074243763
2015-03-25,-9.149174103984338,-10.782004721183213,-14.87565039273596,15.672405387976466
2015-03-26,-10.798697462912733,-10.34680118040419,-14.665127892778962,15.956168999409885
2015-03-27,-10.977343319957102,-10.344698717618002,-12.993086277032535,15.342899052093308
2015-03-28,-9.894191565517021,-9.485416433723849,-12.220685284720922,15.882043897323602
2015-03-29,-9.571101627880479,-9.180857532700955,-12.534707562758559,16.128208971731652
2015-03-30,-10.157784211119912,-9.121502580665844,-13.556507516907995,16.479375340556324
2015-03-31,-9.622917987521388,-9.738065551018293,-14.071450014100492,17.393909433341083
2015-04-01,-9.003876075324383,-7.845846234946015,-13.148580505961075,17.067523636441095
2015-04-02,-7.455236202270377,-7.7442602426956135,-13.932655125459702,16.3512653048471
2015-04-03,-6.835952235865785,-7.803013973985296,-15.838551018666752,16.693312284499598
2015-04-04,-5.452949275457587,-8.219924190504596,-15.445887251346019,16.354676973190625
2015-04-05,-7.424241754979455,-6.369776902958243,-14.700310407908717,16.355020940150407
2015-04-06,-7.91987436338705,-6.147461797051328,-14.133859407835034,16.259344211411573
2015-04-07,-8.389450674649488,-7.0156178029447505,-15.511183296231566,14.4861117484088
2015-04-08,-7.682520680237652,-5.900263047019981,-16.627194429667476,16.03447394392522
2015-04-09,-7.254008471984849,-5.006679708786095,-17.463761473433102,16.021616313526984
2015-04-10,-7.7395803105248575,-4.1407301014542135,-17.248551758562037,15.116071115090108
2015-04-11,-8.614611835164183,-4.426948961734839,-15.577691575087727,17.01913264411129
2015-04-12,-9.488047663313036,-3.895766881322609,-15.713743382885765,17.699368254852
2015-04-13,-10.597441452533417,-4.2433794061208,-16.300234660377495,18.02332222331346
2015-04-14,-10.779338416140918,-3.6481632222295266,-15.761563592288073,18.007910777101706
2015-04-15,-10.069978293026942,-4.7001621721966504,-13.935728834885222,17.698336819121188
2015-04-16,-10.449503455895737,-4.3764823392764285,-13.839505580948767,17.253883204575057
2015-04-17,-9.188804636583214,-3.3991092114617443,-13.940262397397067,15.292483535385
2015-04-18,-9.728256849116054,-3.420133031509773,-13.383251936514652,16.00962816120818
2015-04-19,-8.02716416609316,-3.2207034211446386,-14.858863556881616,16.09770515955215
2015-04-20,-8.202796974502762,-2.486399459868612,-14.603115011991425,17.411803340871547
2015-04-21,-7.088445665931493,-1.47008637641331,-14.62041182265994,15.468920801852091
2015-04-22,-5.955399984699982,-1.3275525730644675,-13.615198486294982,16.38564713753057
2015-04-23,-6.848292262859742,-0.5326797617915242,-14.006930639796025,16.858475740377997
2015-04-24,-6.185457064520772,-1.494051558539666,-14.6374292206651,18.538028078300844
2015-04-25,-6.782066222799173,0.815531578816832,-15.234457363455252,18.739707160391397
2015-04-26,-7.6119529140777615,0.4956425587385727,-16.028608802637617,16.394698898345997
2015-04-27,-7.216811813140989,0.22086787409798248,-15.519447265475202,16.477346888594752
2015-04-28,-8.278504668040629,0.3216803869596313,-16.81907272333574,17.53916055028008
2015-04-29,-5.680352249079351,-1.0216260008769011,-16.123369576142135,17.40558068421052
2015-04-30,-4.1754426306825785,-0.046636811829403046,-16.336578774766412,16.872836502420462
2015-05-01,-3.0123874546034717,0.29223355864416595,-15.984027644909366,17.85724055652153
2015-05-02,-3.0065773381036554,1.9957621054637966,-14.47209749319418,17.388976586462345
2015-05-03,-2.905469886164992,0.9907970655142602,-13.667977265038667,16.84615358849203
2015-05-04,-3.4576324169107218,-0.4613239589798839,-13.940345886458939,18.350781274483037
2015-05-05,-1.905953918503892,0.42288651555977896,-13.125827239050368,17.431111283558796
2015-05-06,-0.27016628701624756,0.9019494324536412,-12.300604750632123,15.172795602195686
2015-05-07,-2.6630289805663407,1.1452206283471726,-11.859761621674823,15.23587635976374
2015-05-08,-1.9343777340725383,0.9939354125981534,-10.735030094143267,15.999469025864578
2015-05-09,0.26236202121636554,0.9044744068518809,-8.931267034259179,15.496055739215144
2015-05-10,0.5985943412041386,0.6578311874176082,-9.260192623778632,15.639485825115504
2015-05-11,1.4643591756460546,1.9180234231767506,-9.109937820311057,16.217688165643366
2015-05-12,3.5418850460227405,2.651265919564832,-7.255467522178929,15.399772118482618
2015-05-13,1.3377124953088892,2.1250033029224005,-9.087718239772913,16.73333099107859
2015-05-14,0.717058151460419,1.893644707671048,-6.9095143367155,16.075696195053144
2015-05-15,1.930064718929692,3.336296822550983,-6.142424011070812,15.525266290047801
2015-05-16,1.9844070000360938,3.726323916480907,-8.69267264749675,16.73596543698695
2015-05-17,1.399601644671316,4.63301878294658,-7.343021425626793,18.465524651265028
2015-05-18,1.8832957189692379,3.431635466454705,-8.082644129277522,16.170817851597317
2015-05-19,2.061771023605098,3.8996130773233344,-7.531771303079678,17.06938649552137
2015-05-20,1.270059526313751,4.075649003604874,-7.609825734949038,16.006446313293402
2015-05-21,1.536119902015094,3.0695316496421268,-8.826522005505256,16.140230075259456
2015-05-22,1.3640813913812937,3.2317711736523047,-9.330153344749888,15.822845176436905
2015-05-23,0.9819711736890799,3.5426426069452583,-9.306320512522639,15.604064392751837
2015-05-24,2.1091371790102142,3.8313883266766195,-9.292801910845014,17.04138876936868
2015-05-25,1.9663639168329903,4.309865659786533,-9.593913139247652,15.883983308615969
2015-05-26,2.7891999002673122,5.024612740308478,-8.936514685019615,16.95719128902735
2015-05-27,3.2123954527298153,4.570711738568978,-8.578630050738896,15.814599862300103
2015-05-28,4.862685515799836,4.182454709575535,-10.234239085976224,16.52562841756082
2015-05-29,4.5476292242144805,3.027854257783054,-11.191146748419447,17.859524757496718
2015-05-30,3.308543521223209,2.6771335589184555,-11.259459808626113,18.844384937197884
2015-05-31,2.8577580209618487,1.9150758158535202,-11.950571212092601,19.509577421573283
2015-06-01,0.971728601538387,0.8245607325073945,-12.192159345153582,20.393330801786004
2015-06-02,1.9104307518098478,1.2294317983895302,-12.378984773990895,18.507998659718528
2015-06-03,2.155679347611159,2.559370397741655,-11.47423411510999,15.629878635960232
2015-06-04,3.9368709685513243,2.5242783102938002,-10.112703764495867,14.186589143997624
2015-06-05,4.9726924095079355,2.8061627700632683,-9.690462768110482,15.92681725029316
2015-06-06,5.7472649805871,3.4251338328865493,-8.381894206584503,14.77073868525987
2015-06-07,6.701548558384162,4.503987108071648,-9.474812921914953,15.213459498232584
2015-06-08,5.230891976917332,6.193516859857734,-9.977836151291015,15.735098556409866
2015-06-09,2.1910852568100863,6.087363736093194,-11.957154201291877,15.938379343188673
2015-06-10,1.9228667860420245,6.311414394924078,-11.927825241373736,15.844571748069843
2015-06-11,1.1190228654947334,6.06362308003792,-12.74372959314396,15.413413851233573
2015-06-12,-0.40524076739673953,6.1318953272091985,-14.193654316576826,13.738905034876682
2015-06-13,-0.20234197877732524,5.067002725079173,-13.93501629781354,14.870813350096466
2015-06-14,-2.3319479362161557,4.981524065004384,-15.83196026436681,12.243377059175366
2015-06-15,-2.9681810930904566,4.428891079573731,-15.917734918344536,11.184897621328194
2015-06-16,-3.3082823441838083,4.472242816673755,-15.519883339244549,11.073967565995968
2015-06-17,-3.454581360922633,4.888361822345926,-16.225916448186776,9.38255333813299
2015-06-18,-2.355254725395201,4.521534606790099,-17.080199275082027,8.618000685818815
2015-06-19,-2.2040668499146827,3.803895205825076,-17.060839839672774,8.023320885653462
2015-06-20,-1.9858225120001658,4.0860153835499675,-15.794888015844002,9.025423041435351
2015-06-21,-2.7182386608201146,3.766717567372578,-15.87782756146811,7.488680672991035
2015-06-22,-4.470482243541627,3.8158001457797415,-16.06321937853105,6.888925441123861
2015-06-23,-5.1453455615040085,3.673590220615666,-16.74245257843424,6.950430037454389
2015-06-24,-5.1160656324299305,6.469582273573294,-16.33008363025421,8.407535905410766
2015-06-25,-7.143829131975035,5.121717080937099,-16.962715186233627,9.118979911970861
2015-06-26,-6.74043609180645,3.926929218650194,-19.85883976447513,9.278221144262144
2015-06-27,-6.755118879216138,3.506415762510238,-20.58638338485551,10.199011705593556
2015-06-28,-7.676594939964209,5.4575532601177335,-18.844072075418136,9.206957627719955
2015-06-29,-6.531060421530422,4.495921176285691,-17.587871726076454,8.738316468565353
2015-06-30,-6.318478251447092,4.594553706091915,-18.635925432200565,6.7567443752505625
2015-07-01,-5.6215860187835665,5.2875579828546515,-19.40406766663064,5.731795566276826
2015-07-02,-5.8046007087175555,6.070257124875962,-19.466763372513277,7.430713280808838
2015-07-03,-5.475670437138805,6.886106066137027,-17.382991394314956,7.6995700821924995
2015-07-04,-4.599186109460343,8.41032163984096,-17.963850918973538,7.324880151212929
2015-07-05,-4.5427136978635,7.735709106587995,-16.52194791188135,7.909721589564854
2015-07-06,-5.461469700169253,8.19186202826766,-15.880472539510407,9.250523507911508
2015-07-07,-5.537954713967282,8.270194333602372,-16.499417916326262,9.481483336414486
2015-07-08,-5.070777026612294,8.433853620003422,-16.183986583475964,9.00833274636937
2015-07-09,-5.669876058626974,7.619958701128752,-13.81104722544007,8.40249639361196
2015-07-10,-4.817126325461607,7.570257370963887,-14.468088397149083,8.123678475761459
2015-07-11,-3.374663137595064,6.556388118619024,-14.223146970923455,7.983083661408103
2015-07-12,-1.8448954074683808,6.645559539042265,-11.55252503496517,5.791424766925088
2015-07-13,-2.5018622780913353,5.681071654065145,-9.71183566197938,6.6059442019967
2015-07-14,-4.372743026154249,6.554775728846332,-10.993746834722103,4.9822054139211716
2015-07-15,-4.309798845184018,7.049779516881246,-11.24941352088569,3.536992749911214
2015-07-16,-3.7598037397894,7.300224690426999,-11.217548879237283,4.288235786939519
2015-07-17,-3.400939832199258,7.380704152530961,-10.831312927523255,3.7127399552837517
2015-07-18,-1.9313733078311632,8.253031660182721,-10.002626966666709,4.636621805806276
2015-07-19,-3.150807535904028,8.371738225942504,-10.2263570979297,5.438845049288156
2015-07-20,-3.7127965217598984,8.581216963797415,-7.665296195479444,4.6259864364690495
2015-07-21,-4.021391815507047,7.455278117838426,-8.016998221503213,5.178756939831798
2015-07-22,-4.211349012751149,7.440146016424175,-10.112762609678244,6.168570586368067
2015-07-23,-2.4765989076641612,8.167866538122485,-8.956746417326265,7.077739156440754
2015-07-24,-2.155404341380719,8.377419053309026,-9.866641676669166,5.860725103941112
2015-07-25,-1.6802268901671475,9.169639257912358,-8.8938290633273,7.567179016801161
2015-07-26,-1.8091729869835174,8.682152335388752,-6.92931879214738,8.38133580712215
2015-07-27,0.6909652193091089,8.583389867125053,-7.57107544139644,9.05202417412935
2015-07-28,0.7923713501751369,8.20816312258679,-6.59889092988444,9.502016408204653
2015-07-29,1.5172980247413923,6.326396910401893,-8.224087605812755,9.794191911797867
2015-07-30,3.1627202608873857,8.669551405902839,-7.7861241323427945,8.93096929807318
2015-07-31,4.726607579584874,7.926777970682789,-8.114471226700465,10.194418308345643
2015-08-01,5.749539387858615,8.283451667269201,-7.445414601094673,8.652019754996964
2015-08-02,7.818484795108252,6.422851453404794,-8.240486000800407,8.738944097315143
2015-08-03,6.824915058107681,5.8403234243165105,-8.687729843586059,7.769336952893446
2015-08-04,6.22570416055269,5.175594611725755,-8.84622469860126,9.103673627228968
2015-08-05,7.43893859243976,4.409561426637238,-8.040331555706713,8.260651258410542
2015-08-06,6.787674606463472,6.023775748161505,-8.228734721934133,7.3441370021021894
2015-08-07,7.373641747959614,5.598380901067381,-9.052181647129462,6.228011612316104
2015-08-08,7.844064734020124,5.27196595662026,-8.864415352341389,5.646914170554768
2015-08-09,9.176987225787771,3.655358930216969,-9.0265997513554,5.768208931970218
2015-08-10,9.74840833858623,4.227124528836209,-9.592485617627455,7.122853116534537
2015-08-11,8.899117231213097,4.029151887412565,-9.421814216878003,8.309906524805575
2015-08-12,8.930339075417649,2.8544243520135337,-9.021460108335177,10.14833036203372
2015-08-13,10.013180649956164,2.7710588722688194,-7.773646398954034,11.68957423068926
2015-08-14,9.21477239409965,3.4840548908192246,-7.331110255942872,11.65046239499961
2015-08-15,9.105233107305672,3.542972836292629,-5.678026971045554,11.695741861392897
2015-08-16,10.729286210746475,3.7363574146019407,-4.90940608946501,12.288267506427562
2015-08-17,10.942196491401807,3.182553952897093,-2.56384249697037,10.809096429475419
2015-08-18,10.095701542204138,3.5079375654939673,-1.1882342752086172,9.946029997110957
2015-08-19,10.349979735983805,5.5906950292452136,-1.283368278528373,8.807948050478288
2015-08-20,10.185897433410865,5.457297710488927,-2.0534317053086917,9.749478468906759
2015-08-21,12.177426060086145,4.836637924415931,-1.7228370786064011,10.430980459893426
2015-08-22,11.141650549971976,2.1595588922063214,-3.2975967012603453,10.95718019412154
2015-08-23,10.708776539806506,1.0265672299932824,-1.770396433126631,11.639940157293074
2015-08-24,11.23803839817188,1.6816338080262705,-0.27299694246230244,11.95652802418102
2015-08-25,12.254414875556312,1.1466614242723598,-0.25482718116315534,11.764695963806542
2015-08-26,13.311436511788484,1.2510162215760339,-1.28090200117073,12.069908731342842
2015-08-27,11.259830145138404,0.9635703801134281,-2.087788572152913,11.107398281215753
2015-08-28,11.302969116946196,2.6739212220102235,-2.9005044125761703,11.315881134902524
2015-08-29,12.901520016239628,2.717733122090327,-2.9854197064350805,10.26758624322372
2015-08-30,12.813042932863356,3.645717151613658,-3.0828163181931707,10.014237212167696
2015-08-31,12.076498814886369,2.7525630679463435,-2.8859382104887823,9.905821258153212
2015-09-01,12.660284060857776,2.8982960840885506,-1.714177933527788,9.444052288829484
2015-09-02,13.359948215563625,3.001996298458086,-2.7094485060461335,9.216205136669418
2015-09-03,12.714102662240885,3.05912224097492,-3.059601092879849,11.259642745952778
2015-09-04,12.330151239309101,3.4329168843299813,-3.0248284696937624,11.148879554605255
2015-09-05,12.719353869214874,2.8858831121013,-1.578251721917594,9.508768871239617
2015-09-06,13.840177519579392,2.872938931849243,-0.6024831009018107,11.39420183666847
2015-09-07,14.689508318226942,4.100541307057514,0.5514434955157165,10.943418896086763
2015-09-08,13.953835693459714,3.5521495926499957,-1.5927086341735408,12.172605491521828
2015-09-09,14.285697485573515,3.050775243029738,0.07454355472840435,12.848812980327807
2015-09-10,14.081987805204056,3.7536677360903865,-1.2084455285018374,12.978196906755944
2015-09-11,14.718721010663852,2.8940124681864656,-0.37029970721403516,14.593942228033846
2015-09-12,15.090057598138564,2.804145778931956,-1.452720299009187,14.578037360978282
2015-09-13,16.066479738454277,1.3737555795433,-1.7499381577037028,15.226647403169924
2015-09-14,14.873932265521516,1.858667315203225,-2.2330033145920876,15.333730605157877
2015-09-15,14.864086915243663,1.9908106731908854,-3.0383105828081614,16.84022990630602
2015-09-16,14.6352570220292,0.3794977746030743,-2.4467047379113174,17.51167867756775
2015-09-17,14.753824109791296,-1.3912600452223616,-2.051865395197317,16.338062920414096
2015-09-18,14.072088421570541,-1.3270894581188502,-3.3700238129313584,16.84000196579404
2015-09-19,11.559118979076409,-0.27727272229872746,-3.553830507287204,18.17803625513261
2015-09-20,11.639972794163306,0.21494485831319415,-5.103028553911608,17.700226160170757
2015-09-21,12.074613095135405,1.5067407756279725,-4.321198376520001,17.080956907681685
2015-09-22,11.44578394210078,2.33585489030685,-5.012583292274391,18.413264518483253
2015-09-23,13.011413930923766,2.1054962731677485,-4.198564695014804,18.008496041970158
2015-09-24,13.582816473945416,2.9808357695162497,-5.560246070113621,17.80487063385692
2015-09-25,13.81750370130271,3.20415647877002,-5.048653019312113,17.76109207759606
2015-09-26,11.691868917751329,2.8337618442779267,-5.29228439061254,17.10105928957862
2015-09-27,13.08081436308563,2.2508497030870465,-6.866963112611193,15.529847470457714
2015-09-28,14.38718598849862,1.7932933167647402,-6.660362404946711,17.747227142201247
2015-09-29,13.403079245029666,2.2455774483488167,-5.597742055625823,17.776525930144725
2015-09-30,11.719103251165162,1.309901529309986,-5.544186636234517,16.164606023320953
2015-10-01,11.288765473588338,1.6856681580172488,-5.710698058542195,13.708092372025764
2015-10-02,11.330781098869625,0.4322893520874853,-5.990436118410386,12.564376896024527
2015-10-03,11.350710615701999,1.4084843662366302,-4.11835106585517,12.136889986013788
2015-10-04,11.620094155244693,3.2777841487256714,-4.322180795661418,12.181401159705663
2015-10-05,12.456348081063714,5.854914176076505,-7.282854538248861,11.221614616361535
2015-10-06,10.837543217089427,5.5231757446432095,-5.942445277939806,11.65007292610467
2015-10-07,11.515717505440213,3.4587545751769233,-8.473239932914268,10.492034815699856
2015-10-08,10.661125402491004,3.235693536197097,-7.793220191400311,9.369261650789483
2015-10-09,10.932883785527908,2.6817624962293802,-7.698735017941592,10.21300636119701
2015-10-10,9.526257094107839,2.643997334464082,-9.026708652674714,9.921499276711016
2015-10-11,10.306003545567895,1.1845854102723479,-9.498378545381165,9.71246771082167
2015-10-12,9.62096351208681,1.1976523649262332,-10.216122111896574,10.393108318007648
2015-10-13,8.27749475777051,1.4054029857818082,-10.21873962288541,10.326669433368636
2015-10-14,8.008465389831153,3.0950548256020207,-8.736733729714276,9.974535504406566
2015-10-15,5.968335976084795,2.3588078514944293,-8.188848759863182,8.781735491284303
2015-10-16,3.9085753030989436,1.3651553390749003,-7.700411189000887,8.716603733112104
2015-10-17,5.223730508384052,0.57173134154259,-7.459825787334001,8.287071497887391
2015-10-18,6.001156541055594,0.43000689468913056,-7.408090410925743,5.859394560972174
2015-10-19,6.551745907629891,1.5696415330898583,-7.214027155391108,5.545853549820312
2015-10-20,5.197779301884487,3.9605792599628447,-6.354034714576059,5.478743647559558
2015-10-21,4.813923414252067,3.9564738804799595,-7.167328237566543,6.293184161930103
2015-10-22,4.597538877815396,5.027725179628498,-7.538245465694699,5.39337547030154
2015-10-23,1.6255869281371367,4.426744131803289,-7.463943320217615,3.8700053620613324
2015-10-24,2.083490574933197,4.164844101814303,-7.111429006813037,2.542441150779461
2015-10-25,2.6594920083526894,2.211039920721376,-8.218100006259567,3.614519237444162
2015-10-26,2.246958399374704,1.141662804569343,-6.785753196394568,3.8481804145727687
2015-10-27,2.5386926477969065,2.9390814651720287,-6.416665689239882,5.116798600496397
2015-10-28,1.3227181746596433,4.766518207725732,-6.098675054865457,4.083337470777463
2015-10-29,1.0199848070048991,5.387578066061268,-6.858876607357261,3.9169918809593147
2015-10-30,1.2766464083342803,5.549035926976634,-6.142879527505387,2.9340494995207944
2015-10-31,0.9530677307874034,3.2122427207767164,-6.353039020057384,0.10645259876279889
2015-11-01,-0.4343161696892168,4.0117818314562985,-5.695513637883091,-1.299141603960382
2015-11-02,0.2757207082558125,3.7417726714455677,-5.794615904639409,-1.5742997988961605
2015-11-03,-0.8543112508922431,2.9848946645757937,-6.222562662846389,-2.9700363840597728
2015-11-04,-0.5806458877425127,1.465079429798567,-6.307891799519458,-0.9748142769702952
2015-11-05,-1.323226094589245,-0.43971271105792886,-6.170233892335085,-0.14348855672011884
2015-11-06,-1.109143157727093,-1.5992271114921062,-4.614979301048448,0.09780022425815454
2015-11-07,0.7531878176481834,-1.0603923021411776,-5.216828717616468,0.09963617684260152
2015-11-08,1.3492246054525592,-0.7882202069464876,-4.436760116022269,-0.7691637671978134
2015-11-09,0.7359372283424966,-1.0061447512609303,-3.4929998779846225,-1.1131855165763969
2015-11-10,-1.386834138482048,-1.2928359062267525,-3.410816291901743,-0.47850499001821667
2015-11-11,0.3593497792157403,-0.8632600257352566,-4.5368828936728605,0.6271401858600886
2015-11-12,1.4389412137173245,-1.45845718177966,-4.934080046166133,0.004969998681284338
2015-11-13,1.7639239885517537,-0.8455627216768115,-6.939578306965615,0.09065883736608595
2015-11-14,0.9420225310348836,-1.3570057887183293,-8.882102844995453,-0.5760635598606931
2015-11-15,0.1879059589378097,-2.3146285582626858,-10.447903757804863,0.001035201974077915
2015-11-16,0.14995417058443206,-2.038162277610698,-10.51431457254584,0.8866984433193866
2015-11-17,-0.9969745636150997,-1.6986270682799456,-9.879396487731924,1.149422484499117
2015-11-18,-0.8957247529132344,-3.383362708876833,-9.779924259623737,-1.4795610291169596
2015-11-19,-0.07176684465289929,-3.1818972175451656,-10.7717260778184,0.07028259181787
2015-11-20,1.224277373076184,-3.6835710471180265,-11.170832489789655,0.9284470363696672
2015-11-21,1.964782144609718,-3.825505956525642,-9.95384990659225,0.3589600194286746
2015-11-22,2.7792585828305896,-4.929035680268914,-11.677197840377062,1.3297424031754574
2015-11-23,2.039377931435736,-4.523013801044005,-11.681708929913976,1.8285702250782587
2015-11-24,1.7073626535774225,-3.992755889662571,-13.21054612590067,2.176521818830957
2015-11-25,0.23848465373009597,-4.444723024415198,-15.397122309216867,2.843377972143864
2015-11-26,0.8409892555180908,-4.396815963662888,-15.831486283114934,3.9345450730593745
2015-11-27,1.6698871639460862,-5.02963449244852,-16.416894030772056,3.2809202235985695
2015-11-28,3.6582043917299805,-7.3775204359182185,-16.501122503228398,4.084899473419611
2015-11-29,3.8825284933949447,-6.888679896943091,-15.089720909666964,6.168840644895205
2015-11-30,3.24013070036147,-6.316289750980089,-16.303320899701554,6.1642730075524295
2015-12-01,3.713708573529993,-5.465524364202083,-15.045541916307046,7.472016965340037
2015-12-02,4.324774562634547,-4.823370978596218,-15.575463200779707,8.431934636445604
2015-12-03,3.4827275063604173,-4.036103451629878,-14.95301517385636,7.813110541227589
2015-12-04,5.513745158972816,-4.570081276726377,-14.398273189233787,6.897442128900793
2015-12-05,6.015351546045345,-3.851881234565707,-12.104659539810378,5.828403115814394
2015-12-06,6.983386898137356,-2.4829055821474046,-12.861944892125859,6.325762791571351
2015-12-07,6.6818030040253,-2.9077820971267965,-13.429194699573555,4.27050018447173
2015-12-08,5.6798377464541305,-2.843521257988326,-13.389888265995431,2.855174503439257
2015-12-09,6.211547728307063,-0.9326150806007605,-12.121852741864332,1.8873128407446869
2015-12-10,7.3291207519073245,-2.2507619615541623,-11.639219112581,2.677232407967189
2015-12-11,7.068958693489753,-2.808415804165703,-11.538253669209901,3.4081224860406873
2015-12-12,7.574973837479167,-3.3562914364499914,-11.297818273300985,5.040388219877112
2015-12-13,6.351251695801161,-5.735215206595762,-11.226687163434224,4.9701061115044665
2015-12-14,7.0058331150411,-6.18163097166444,-11.151209659233682,4.653640614629145
2015-12-15,7.063128629110953,-6.409702111886521,-12.242148715057029,5.710635171135656
2015-12-16,6.464574955975308,-7.391774877391076,-12.804204889054658,3.5000234666729
2015-12-17,6.242758682597337,-7.135144041823931,-13.821568342788884,4.74785593147435
2015-12-18,8.44176910076206,-5.9934297974751045,-13.33686741560695,3.730435251411831
2015-12-19,9.296753881768689,-7.109565032725828,-12.178953837846878,4.9142741669575205
2015-12-20,7.325570681346585,-7.9331120687711785,-11.600535439412054,3.5980317699902438
2015-12-21,8.117254373051688,-8.591430487806713,-12.396048686430145,2.890665778332804
2015-12-22,7.000239111646886,-8.108106099491467,-9.878018501128455,4.141307379307814
2015-12-23,8.076310993084022,-7.435436623381892,-10.429181562625633,4.4035208364569085
2015-12-24,8.816541261843053,-6.826701620235539,-10.515937832878107,4.703403099774001
2015-12-25,8.51948864620865,-6.961800062829287,-9.460314908897637,2.821012147856453
2015-12-26,9.2141113511857,-6.169260202842314,-8.516530880282081,3.578623068445
2015-12-27,9.651643811682971,-6.365531341321033,-8.226537410477807,2.4821648562400385
2015-12-28,11.054715540896208,-6.323588059884567,-9.628315884143367,1.1793655855586969
2015-12-29,13.453928157279329,-7.257748606939481,-10.228431001195782,0.4171398986333429
2015-12-30,13.308548058782259,-7.281818607338985,-10.254532894949516,1.3479790756864833
2015-12-31,11.36173982413033,-5.7773140853417395,-9.21910218584581,2.1267551000401888
2016-01-01,13.410072629674744,-4.386497855426155,-8.205806215208494,1.558164939207885
2016-01-02,14.092161924235537,-5.489165670257194,-8.216260091752796,0.6861200228175206
2016-01-03,14.097636129867277,-5.292306198708578,-7.832128615705232,0.004389213276312254
2016-01-04,12.831358478648747,-4.864623955107195,-7.663580940827668,-1.5385705440651276
2016-01-05,11.610657205583083,-4.4492867935357845,-7.030163665155609,-0.6870063377992882
2016-01-06,8.850219197357713,-6.253010156814545,-5.750471991285121,-0.9911937423088069
2016-01-07,9.08694344534264,-5.375845174759083,-6.6377344609368425,-0.87533880195133
2016-01-08,9.735326933007947,-6.351646818163947,-6.741639654181802,0.7928955738692882
2016-01-09,9.188369276815402,-6.39293967216802,-7.29596490487534,0.7827538851173771
2016-01-10,8.56012580326431,-6.84991689729506,-5.976223033933487,2.2764369217319915
2016-01-11,7.802172970033121,-6.315034845308849,-5.173391682887392,1.9612165638942902
2016-01-12,7.4277916291535915,-6.4278190182866775,-5.664829276605963,1.1796753358722587
2016-01-13,8.074633175731098,-6.019475441801941,-4.611141412571004,2.4706884522791404
2016-01-14,8.596604134493903,-7.136205805834727,-5.685606918671059,1.345902054966314
2016-01-15,10.240212975026736,-7.014951078547407,-6.2758525504415115,3.7391056264756157
2016-01-16,10.074358527153354,-7.455513461167795,-7.118315090857974,2.8756795628709755
2016-01-17,11.266694313158338,-7.80518866020591,-8.529295744449339,3.179837170170958
2016-01-18,9.46081276042381,-8.734559898221407,-11.014705803033067,2.5793875688227095
2016-01-19,9.337950434927464,-7.279915467148675,-10.36971968351598,2.090194520186847
2016-01-20,8.298339226644195,-6.453325472370403,-9.699915341974698,4.0075452145407295
2016-01-21,8.207654244330982,-7.685943829543452,-9.509243898429402,2.617403918967125
2016-01-22,7.627368567934963,-7.714516126842077,-8.175145337603832,2.3717819049478903
2016-01-23,8.375580601943957,-7.683881364164306,-7.912872299128896,3.0697881403572103
2016-01-24,7.579926220579778,-6.461786794973519,-8.916536138079985,2.1507795880492457
2016-01-25,7.732333250875985,-8.374170718565162,-7.21490665262978,2.986529724956828
2016-01-26,7.732818447619426,-8.037440275805382,-7.248031879430502,3.697240980267651
2016-01-27,6.781354414506305,-10.569663210124375,-6.553041472311917,2.4590190486746097
2016-01-28,7.923012283701189,-9.522994939948063,-5.323488892467605,2.986619258390486
2016-01-29,5.516559329123079,-7.875318611398747,-6.184078687599146,1.9698831542446613
2016-01-30,5.795435174876387,-6.552637542900849,-7.312153697897072,2.4760159640701933
2016-01-31,4.946801774109199,-7.747539102156707,-6.630706539850538,3.2345562987056495
2016-02-01,4.361698817445485,-8.424500463985954,-6.475064332288248,3.4518502232607116
2016-02-02,5.154590271993621,-7.383766665570753,-6.93448442891207,4.179335863356938
2016-02-03,5.21665487073086,-7.7404091692987285,-7.965857478611428,3.6668166585626736
2016-02-04,4.29480746216668,-8.034778768192185,-7.811209027335255,2.6742653007244006
2016-02-05,4.009311277319794,-6.137015220856528,-7.2687992498719325,4.552771172546821
2016-02-06,3.74925784301239,-7.2157569537193424,-7.071022016032913,5.0759542100153245
2016-02-07,4.570965496829031,-7.877593169523211,-8.79511990519066,6.183145696443124
2016-02-08,2.911920715694632,-7.9340471071446474,-8.845993723224515,7.257380909093725
2016-02-09,3.7176666073655817,-7.327125645713182,-9.697985877684618,6.4418346205847135
2016-02-10,3.3912014839746933,-7.390267708367423,-9.111792146003795,6.417481823574216
2016-02-11,5.4774828212838695,-7.6288669102184805,-7.933496751525883,5.853421465281078
2016-02-12,5.921484774155701,-8.617100269939314,-8.274306298083898,7.102469677213863
2016-02-13,6.107792512354542,-10.382429583272048,-9.465806016542636,7.457000994918642
2016-02-14,6.495146200747946,-10.526064512299609,-8.261476728842357,7.803749729031565
2016-02-15,7.507362271838799,-9.857127855551955,-7.895617766061018,7.819649157382037
2016-02-16,6.251869741624259,-10.766779345726306,-8.268669094417886,8.092035991901591
2016-02-17,4.328304982461604,-9.899070791278447,-8.798624994106355,10.501550202725465
2016-02-18,4.497499137911499,-9.396214176059146,-7.671103112587831,10.379413192108395
2016-02-19,2.900573940533856,-9.976482889008334,-7.976887755087284,10.612690116698438
2016-02-20,3.597595822036209,-8.329947005179287,-8.11098580197963,10.114836127231607
2016-02-21,4.572100331645515,-9.071486474604344,-8.422699107616678,9.657469411858353
2016-02-22,4.094916278628479,-9.597289832622817,-9.454598307074162,9.76195218640957
2016-02-23,5.589275149076048,-8.052526062609713,-11.196577476746596,8.990645962694588
2016-02-24,5.848248459214994,-10.210100386894657,-10.893663297122961,9.724927650626709
2016-02-25,6.623114959251917,-9.432334345299386,-11.566493213368368,10.370971391123575
2016-02-26,7.270904633210613,-9.101231438212482,-11.04533668224482,10.295185936236516
2016-02-27,6.418492469416851,-9.814460572881643,-10.123550259976561,10.981731270476718
2016-02-28,6.176836600745438,-10.619982846390418,-11.017311062681962,12.074891365775155
2016-02-29,7.368665528905443,-11.618699488394771,-12.726281927341136,12.265635873947248
2016-03-01,7.905991084967906,-12.689448290346425,-12.244524633944259,14.701678887411699
2016-03-02,8.006766149264706,-12.508577446026887,-13.166441067627822,13.704011542973133
2016-03-03,8.876794204084455,-12.377621746437232,-12.580817263634863,13.07648765617704
2016-03-04,8.160560829290501,-13.115860193854983,-11.746498083888985,12.40872209591902
2016-03-05,7.603884842701933,-14.372836942860022,-12.699180270287993,12.14346055126344
2016-03-06,7.049962898807122,-15.38736949410577,-13.056486396308271,12.461834294547701
2016-03-07,5.640638564503973,-15.190039761728707,-12.883059676931524,13.375097314966778
2016-03-08,4.591033758479207,-14.427146327123557,-12.846971523912629,13.936609786565352
2016-03-09,4.586694606168847,-14.776788677082587,-10.412130486614885,15.878079979848492
2016-03-10,5.389133163128464,-14.713328322235956,-8.984287008630748,14.521282449878893
2016-03-11,3.8936507596230006,-12.668983715614036,-8.959267945173998,14.279113490788161
2016-03-12,4.08900361235265,-12.274288810011518,-7.456417393328791,14.565474179137402
2016-03-13,4.821449492886698,-11.791002104036894,-8.355863012896293,13.938815301195255
2016-03-14,4.557364939425817,-12.384401127431866,-7.968255937642184,14.41907021674639
2016-03-15,7.209964817075246,-11.525903540492429,-8.531351527267647,13.530519645839746
2016-03-16,8.550719394279362,-11.377225315382637,-9.737969447452112,15.406593939506962
2016-03-17,8.775422862121799,-11.66431907589145,-10.152564525463578,14.453103470946326
2016-03-18,7.725919926154864,-11.356827180595296,-10.273593859619039,14.200602474377717
2016-03-19,7.45052109167115,-12.94517605113828,-12.72121295174591,13.672403488006799
2016-03-20,7.770290610087213,-12.562791065026419,-13.656922118005541,13.87722266219487
2016-03-21,7.861483954819115,-12.372726222197322,-13.438198221755218,13.478514358405661
2016-03-22,7.590184005329311,-12.060645452674796,-12.596716907175974,14.229415011907097
2016-03-23,7.363677767385774,-12.608402601211322,-13.539546857959152,16.696812939517166
2016-03-24,7.507416848327644,-12.418205846211755,-13.679363918893165,15.677874855730114
2016-03-25,6.721680745975608,-12.458913602034132,-14.652933034637908,16.75145039082877
2016-03-26,6.002853836035067,-11.746988507697829,-14.87891476806256,18.226892816332267
2016-03-27,5.111683022645463,-10.921233576762887,-13.901657335308732,17.995553496495873
2016-03-28,4.012467972416733,-11.744075926689106,-15.827343528769589,18.15059869381113
2016-03-29,3.084825369917118,-10.857590116292728,-16.655552911350416,19.173570493878174
2016-03-30,5.130970032409227,-11.08186940337697,-17.568942219825868,18.64365396371962
2016-03-31,4.760781310565911,-12.873624038850485,-18.65445039725816,20.51332560335094
2016-04-01,3.555267387519361,-13.502171706852348,-18.798459571038016,21.210008757506923
2016-04-02,4.497061821919158,-13.34564447645891,-19.845204201145716,21.527651027980976
2016-04-03,5.371343898111125,-12.390118606730478,-19.46936908534067,21.9008593151143
2016-04-04,5.874895065832913,-14.692920754806238,-17.78539327697103,21.032107056162882
2016-04-05,6.387521121498166,-16.198060351457396,-17.979047326498005,22.275387128144416
2016-04-06,7.017761882723467,-15.344752048782306,-19.746938940729265,21.682619209734415
2016-04-07,6.397975688348832,-13.18592202298782,-19.454842864993367,20.973318435106968
2016-04-08,7.352111856978519,-14.41167691281892,-18.886842038002982,20.9774381937269
2016-04-09,7.634562184528305,-14.097663684582672,-17.452801488945173,20.26976541831483
2016-04-10,9.746670310061964,-12.146301746163239,-16.976703404693602,20.722291351879086
2016-04-11,8.327364496853532,-12.87373060079405,-16.51702171679574,23.660730652257865
2016-04-12,8.110995450033721,-14.061038877515182,-15.647526375307644,22.115913351795072
2016-04-13,8.91237563227719,-13.417001598652153,-15.985037787641492,20.247026732247978
2016-04-14,10.404159259710356,-14.538859570384146,-15.722249535223002,19.55517389943503
2016-04-15,11.600165418052166,-16.59269627665567,-14.594541281510125,19.206067849711975
2016-04-16,10.581681130518461,-16.850032260047097,-13.052164608979547,19.9436533736703
2016-04-17,10.08393849370117,-18.675710718356797,-14.317765925113807,20.153036759489552
2016-04-18,9.261670880570009,-17.848216099002663,-13.98393124007448,22.64203721687962
2016-04-19,8.448135537895897,-16.744406222232374,-13.916634868295231,22.91598710802798
2016-04-20,9.223215023444949,-16.18627883202107,-15.268560757117365,20.28333128274794
2016-04-21,9.204153518050363,-14.987285086803873,-16.509787726127914,20.86209441542285
2016-04-22,8.039737080426653,-15.084300548896145,-17.13319702619485,19.90488823541756
2016-04-23,6.73685966971361,-14.908337226960764,-16.009261616202632,20.339014784745324
2016-04-24,6.526714533317458,-14.201880575254036,-16.6786455938038,21.5787489060799
2016-04-25,6.981181160747297,-13.010666124201261,-16.432108578893747,22.31182405832623
2016-04-26,6.634392368035037,-14.089769746905143,-18.172176703287946,22.724742827893422
2016-04-27,4.392241222745058,-15.122948556612446,-19.41757327889429,21.74469419685291
2016-04-28,5.2394925252646996,-16.044466879192427,-18.12729425866613,20.338650831277782
2016-04-29,6.012981137440649,-17.73835128759513,-18.284085960204486,20.483969096136303
2016-04-30,6.783141410237878,-18.645365894492794,-17.758305558920192,21.409527241440028
2016-05-01,7.440426644215346,-19.201017933908048,-17.467683745095364,19.656563378857303
2016-05-02,8.32173909161542,-20.44686454090437,-17.233469490685977,20.39466330904122
2016-05-03,10.587404063901962,-21.165519968522396,-17.731537617396082,22.21209530798642
2016-05-04,11.603509324772935,-22.099971867376606,-16.67385415005004,21.181659562045553
2016-05-05,10.593477809114344,-23.094762758783663,-16.991090292371908,22.115956024955928
2016-05-06,9.054109480955791,-21.712478845147672,-16.70467065258749,23.391990892315278
2016-05-07,10.93478119145625,-20.9806821281306,-14.932072404988809,20.9609549863206
2016-05-08,13.3736709348525,-20.440866488130233,-16.86249225824551,20.533198146118025
2016-05-09,11.849880511454636,-20.14831700515808,-17.33969350860864,19.63454310313459
2016-05-10,13.213259846471512,-18.610182773443697,-16.16747433950362,20.53546251860472
2016-05-11,13.215268881942663,-18.578112287594156,-16.80774897942852,19.630519770808874
2016-05-12,13.194158420881072,-18.250845385092884,-17.395821292032576,19.229797458398657
2016-05-13,13.668217363848491,-19.544084987330887,-17.65301658166334,19.755321163697808
2016-05-14,13.16041666019788,-18.772243171452946,-15.83441694639219,18.998562641253816
2016-05-15,14.089061387152928,-17.377356887661904,-15.542281415571585,18.332172569604918
2016-05-16,15.448711831117903,-18.290972250165265,-15.853393100692124,17.78259432864847
2016-05-17,15.354053483763042,-17.469473340910746,-16.07497077614899,18.21455974677461
2016-05-18,16.256570431731483,-19.88016587309549,-16.49040425405268,18.362460435862634
2016-05-19,15.414667186334313,-19.42751492537102,-16.369808889366784,20.716792123167142
2016-05-20,15.250066577293333,-20.314257653270857,-16.346627640517546,21.128478109796053
2016-05-21,15.662710655899073,-21.87946820138101,-17.084942018860435,20.033736465065378
2016-05-22,15.809855195397212,-22.19253946453299,-17.947391132711516,19.958047435175924
2016-05-23,14.619048644488627,-21.83454109446203,-17.41055321738277,19.08253983393189
2016-05-24,13.743969018404242,-21.857705161134852,-16.466820454093202,19.297670201177866
2016-05-25,14.426589042150228,-21.103006762581316,-16.3236861897198,18.97385830050981
2016-05-26,13.626244765304696,-19.462927507202014,-14.687848704544418,19.727266314479934
2016-05-27,13.402985449495969,-19.65461695571996,-14.863744636569514,19.158406884727892
2016-05-28,13.508527568087702,-19.153197035998474,-14.916667642249058,19.140791551983845
2016-05-29,15.599158617671147,-19.965521071800662,-14.635186200614758,18.0431715688287
2016-05-30,14.589411942051136,-20.712697579093298,-14.473823958120828,18.599178887891096
2016-05-31,14.681961367278682,-20.879782961082388,-12.81863692441895,19.80557114919302
2016-06-01,14.261592023703098,-21.875955282620087,-13.958593789143855,17.812864636115023
2016-06-02,14.52871934674954,-22.336335847397176,-14.620748776221738,18.109534664537154
2016-06-03,13.35948537742218,-20.926261445407146,-15.079689591306442,18.211893277894458
2016-06-04,14.308999580591175,-21.28645625907663,-16.123044773881958,19.58096468829531
2016-06-05,14.24623897921149,-20.295634634129073,-15.023933048416275,17.996344679371724
2016-06-06,13.49840963863194,-21.029970841872146,-16.48550460285702,18.347144969431774
2016-06-07,14.359277611540712,-21.40254949549159,-16.08737723488084,17.82802513637011
2016-06-08,14.667048994313026,-22.0801711958231,-17.479057122536872,18.9777468556948
2016-06-09,14.905399608551402,-23.895354693108935,-17.221636777248875,19.8585747536349
2016-06-10,14.913370998548277,-24.482571409347244,-18.724724517012383,18.273327469634655
2016-06-11,14.714707783165297,-23.951440074443266,-19.02964965465255,18.5911344443319
2016-06-12,13.31034649988833,-23.454412942208496,-18.82956813430013,20.236896143825163
2016-06-13,12.82220214456616,-21.818913904376643,-17.37531471647863,19.14842126670837
2016-06-14,13.42865628926842,-23.209302514508376,-17.84203370789205,16.928777482189624
2016-06-15,12.849137622707708,-22.909863622676998,-18.79640930510976,16.46790661409634
2016-06-16,13.587165362415092,-22.231412622420056,-19.241565318518518,15.889155816885404
2016-06-17,12.20442955931464,-21.90695418646005,-18.127630038851542,17.110803212729156
2016-06-18,11.728472356238141,-21.098437004555905,-19.124557133234447,17.381101743591863
2016-06-19,10.620131321206248,-21.80902364618117,-19.9936529341373,17.92763827465217
2016-06-20,11.494475001796857,-23.574170983676986,-21.19619999394178,20.000764517744255
2016-06-21,9.863040390380007,-22.25135755138842,-22.114191563743915,21.806971168724555
2016-06-22,9.771989437587376,-23.653773264703403,-19.781515932071283,22.134899622272936
2016-06-23,9.10354139230258,-21.786789369035876,-18.176713619684037,22.48405361639496
2016-06-24,9.660878964315481,-21.255200444949743,-17.9970328115591,21.833282760692118
2016-06-25,9.881409566270005,-22.190203149963942,-18.638990342152034,22.810288723010917
2016-06-26,10.725956126805507,-22.311471371611034,-18.341132022614598,21.586895040521405
2016-06-27,10.879935383910476,-22.899528153768113,-17.828235318704458,22.17942100098819
2016-06-28,11.493685031416264,-23.580491683165498,-18.779660267829833,21.645000568041368
2016-06-29,11.179116698286801,-23.35152607801706,-19.042774548857157,23.067036904088056
2016-06-30,10.51893925600519,-22.17684146104562,-17.403427391917297,23.188329197041284
2016-07-01,10.223270909773772,-20.86869005923652,-17.765125883978584,24.413940966222814
2016-07-02,9.615454813297012,-20.012071528155406,-17.21604046091549,24.115542456309473
2016-07-03,10.181609221147937,-21.571292507350552,-15.97128804618463,24.522002293281357
2016-07-04,10.394473696468422,-22.235720358975584,-16.25916982384141,26.01286133882937
2016-07-05,11.503870247581077,-21.59524068593712,-17.336559489342335,25.821185594745454
2016-07-06,11.04383166688985,-23.291875489241505,-17.6990282201983,25.724196748461324
2016-07-07,10.079049438606152,-21.866836968402907,-17.5081199622353,26.10809329575134
2016-07-08,10.114701045113145,-21.980149350916363,-18.121474667267794,25.43620313307136
2016-07-09,8.931326980355115,-21.261700263742842,-16.368086765609178,24.713482868711566
2016-07-10,9.091427011856242,-22.2288658658389,-16.299406750289478,23.75033184454136
2016-07-11,8.56267464348626,-23.724390066220327,-15.640108446639497,22.7203862685732
2016-07-12,8.9396002676388,-24.90240082953638,-14.289878367687521,24.419385222888614
2016-07-13,8.07244474518814,-26.068251145605355,-12.061020931487556,23.463081178054495
2016-07-14,7.419523007385368,-26.98978576839035,-12.065864136456291,24.10875021492653
2016-07-15,7.438379873567452,-26.639988126053975,-11.27193711527658,24.82720733790364
2016-07-16,7.923229807564922,-27.02156218962035,-10.860453634516178,22.625693156376002
2016-07-17,6.936986552395435,-28.091343041224878,-12.127998224707914,22.59975206450547
2016-07-18,7.390919584352021,-27.479557110157742,-11.840913759615223,23.045329790069886
2016-07-19,6.295442730710932,-28.196725637458876,-11.108722439925353,22.205245382688872
2016-07-20,5.096801164523379,-28.457839330598375,-10.413776603677855,21.31259040623032
2016-07-21,3.7728568024804265,-27.415082034510114,-11.323022412550324,20.87044244779559
2016-07-22,4.168001754904594,-28.47228683584474,-12.123694938003787,21.48903322457483
2016-07-23,3.730864442939656,-27.24601400725592,-12.352175634468862,19.018360759531404
2016-07-24,3.4555567430359635,-26.766438220195443,-12.261221643216892,19.726456785237097
2016-07-25,2.417981466583888,-28.218677241500725,-12.266395741115975,20.950222937491965
2016-07-26,0.9301451678514177,-27.954843917623148,-11.868358583481998,21.165591638690394
2016-07-27,0.2463120375900374,-27.16405155327439,-11.976913925790454,21.340143024899042
2016-07-28,0.9950672368391034,-27.475357455934407,-11.262879841647639,21.752211111992487
2016-07-29,1.1826422407258175,-28.268361908267885,-10.58135744579439,21.77840155785673
2016-07-30,2.0144623278380593,-26.916350954435718,-10.460823157038844,21.957936409192925
2016-07-31,2.5003978510352907,-25.79551735976097,-10.302714339037207,22.009109290146508
2016-08-01,1.961432246550161,-24.887213325682993,-12.241290560887299,21.236147032524848
2016-08-02,0.7755216455252854,-24.045057922424814,-13.435971391686222,22.379898221509986
2016-08-03,-0.15812212125605174,-23.61753237864913,-12.507481918652857,23.11046490350664
2016-08-04,-2.655905438318732,-23.04088891768326,-10.632589214415802,23.737692917715506
2016-08-05,-2.659186630091914,-24.568813419190203,-9.157624977992795,24.332135174323422
2016-08-06,-2.3593206874870214,-25.892940921092528,-9.535644981907769,27.107024523917726
2016-08-07,-3.206130511512347,-24.02951192119212,-8.471453337414871,27.83898067099027
2016-08-08,-5.740710073890943,-23.2151561676144,-7.57546365829882,29.33865182027101
2016-08-09,-7.022809028722804,-25.400267121725868,-8.242543680152783,28.1697597394565
2016-08-10,-6.081627814372526,-24.22065041112107,-9.207271005670147,27.34646073413338
2016-08-11,-6.642997186126932,-24.475580858272032,-9.271331077732482,28.66598530765297
2016-08-12,-6.404277248994192,-23.8368000022981,-9.05060116517663,30.022391340224345
2016-08-13,-6.266329114217069,-25.039675563006778,-10.33165498106675,28.81895215143737
2016-08-14,-5.0859080563075505,-24.070106914255422,-11.28304866759696,28.192553661288276
2016-08-15,-4.158843737001725,-25.585327577767455,-10.331159566911305,29.110361497327368
2016-08-16,-5.5023676872867995,-26.592352399972995,-12.924814767230117,29.58201773106505
2016-08-17,-5.918074047390432,-27.27597300747339,-13.389564905620169,30.43973521437415
2016-08-18,-6.2816136170985155,-27.035198029009617,-12.261260751066935,29.913930218029737
2016-08-19,-8.399633930287244,-26.557608878514568,-13.725203640740391,30.672775160981246
2016-08-20,-6.385850204760246,-27.01794207079671,-12.945275140498875,30.428107173654347
2016-08-21,-5.907878361572929,-27.14502912136049,-10.064073310498413,30.256522498374064
2016-08-22,-5.00621976223519,-25.991068875631992,-8.5623612786719,31.377831928349
2016-08-23,-5.255167207159313,-27.033607113606504,-7.5677675901909875,32.51576205363398
2016-08-24,-4.864211789984579,-27.27231571133785,-6.402999056000235,32.6333773516495
2016-08-25,-5.452472626469577,-27.728574200982386,-7.101631124969886,32.419765619861955
2016-08-26,-6.358647566004513,-27.10852008524632,-5.104593061537333,33.384342166849436
2016-08-27,-6.401964007593131,-26.74507905970879,-4.8678830448212125,32.26737220384195
2016-08-28,-5.97791895316358,-28.336879378479697,-2.3571213825461683,33.66932857716115
2016-08-29,-6.753008997329313,-27.8448067747861,-3.429751035969705,32.40450847512837
2016-08-30,-7.6468909489577515,-28.587407450890986,-4.19471534976881,33.33714618182583
2016-08-31,-8.862998217673443,-29.453767839419367,-5.618862710967347,32.632490003931885
2016-09-01,-7.478683995042759,-29.811558002731065,-4.484829024403486,33.17803093201347
2016-09-02,-9.51125127296989,-30.527393916102216,-5.68004134889542,32.518783919875325
2016-09-03,-8.920391000737029,-32.599513707496094,-5.185602924248991,33.65651059718883
2016-09-04,-8.913736886784575,-31.169158147821808,-4.721585846067432,35.111749948859824
2016-09-05,-10.134707991919642,-30.686311371384456,-5.427605556775057,34.31097227162407
2016-09-06,-9.823578479206233,-29.88662977724036,-6.293038889778761,34.03466510477482
2016-09-07,-9.528961676248583,-31.141223182105993,-6.881700916639143,33.893101346125256
2016-09-08,-10.46502169324247,-30.99431604305903,-6.518122724229902,33.51546357457215
2016-09-09,-10.252616386311573,-32.09849337268822,-6.991974742388238,32.55869307980622
2016-09-10,-11.210938868515276,-31.807909882994448,-6.942009114862707,32.866429274877206
2016-09-11,-9.961229135789559,-32.19582568546836,-7.044095549152736,33.64475600745589
2016-09-12,-11.343378464481454,-31.490812150585388,-6.918003945765572,31.107388964061368
2016-09-13,-10.58390882203508,-31.469332265888443,-7.941002633955898,31.832129912946606
2016-09-14,-9.676604187874979,-30.55670649277023,-8.190955210799894,33.005437600557556
2016-09-15,-9.360149153618549,-29.481638409098107,-8.723904647188693,32.51720323939977
2016-09-16,-8.311828035481296,-28.597129322999578,-7.011968500732495,31.625784853663124
2016-09-17,-7.849923333054686,-27.742009186969863,-6.804656586421139,30.40292484620919
2016-09-18,-7.0442275900487035,-28.70470221299292,-4.565164963196029,29.022291053697938
2016-09-19,-7.161620009332179,-29.28717235184878,-5.1863421309865325,29.402328612028107
2016-09-20,-9.476259820069364,-29.114481238735745,-6.115555147829648,29.2304216347144
2016-09-21,-8.447941893041403,-30.145764867812506,-5.472910293325622,29.995233331789258
2016-09-22,-10.068828509657244,-30.303178641786523,-6.001698343382055,30.145112676363308
2016-09-23,-11.089333226526673,-30.001569539650017,-5.751353137013723,28.600278328542025
2016-09-24,-11.648228909869044,-31.724237199904817,-5.581463016081029,31.416035722669765
2016-09-25,-12.605281465062532,-32.37161088695553,-5.086876025806332,33.45888210633831
2016-09-26,-13.562136657954932,-32.523291394427,-5.310329626791033,32.62988708846575
